ENSP	VNG-ORF
YU61_HALN1	VNG5061C
YU61_HALN1	VNG5236C
O54648	OR VNG6079H
Q9HI31	OR VNG6098H
Q9HT04	VNG0001H
Q9HT03	VNG0002G
Q9HT02	VNG0003C
Q9HT01	VNG0005H
GLMS_HALN1	VNG0006G
Q9HSZ9	VNG0008G
Q9HSZ8	VNG0009G
Q9HSZ7	VNG0011C
Q9HSZ6	VNG0013C
Q9HSZ5	VNG0014C
Q9HSZ4	VNG0015H
Q9HSZ3	VNG0016H
Q9HSZ2	VNG0017H
Q9HSZ1	VNG0018H
Q9HSZ0	VNG0019H
Q9HSY9	VNG0020H
O54664	VNG0021H
Q9HSY8	VNG0022H
Q9HSY7	VNG0023H
Q9HSY6	VNG0024H
Q9HSY5	VNG0025H
Q9HSY4	VNG0026C
Q9HSY3	VNG0027H
Q9HSY2	VNG0028C
Q9HSY1	VNG0029H
Q9HSY0	VNG0030H
Q9HSX9	VNG0031H
Q9HSX8	VNG0032H
Q9HSX7	VNG0033H
Q9HSX6	VNG0034H
Q9HSX5	VNG0035H
Q9HSX4	VNG0037H
Q9HSX3	VNG0038H
Q9HSX2	VNG0039H
Q9HSX1	VNG0040C
Q9HSX0	VNG0041C
Q9HSW9	VNG0042G
Q9HSW8	VNG0043H
Q9HSW7	VNG0044H
CD61_HALN1	VNG0045C
Q9HSW5	VNG0046G
Q9HSW4	VNG0047G
Q9HSW3	VNG0049H
Q9HSW2	VNG0050C
Q9HSW1	VNG0051G
O51966	VNG0052H
Q9HSW0	VNG0053H
Q9HSV9	VNG0054H
Q9HSV8	VNG0055H
Q9HSV7	VNG0056H
Q9HSV6	VNG0057H
Q9HSV5	VNG0058H
O54648	VNG0059H
Q9HSV4	VNG0060G
Q9HSV3	VNG0061C
Q9HSV2	VNG0062G
Q9HSV1	VNG0063G
Q9HSV0	VNG0064G
Q9HSU9	VNG0065G
Y066_HALN1	VNG0066H
Q9HSU7	VNG0067H
Q9HSU6	VNG0068H
Q9HSU5	VNG0069H
Q9HSU4	VNG0070H
Q9HSU3	VNG0072H
Q9HSU2	VNG0073C
Q9HSU1	VNG0075H
Q9HSU0	VNG0076H
Q9HST9	VNG0077H
Q9HST8	VNG0079H
Q9HST7	VNG0080H
Q9HST6	VNG0081G
Q9HST5	VNG0084G
MOAA_HALN1	VNG0085G
Q9HST3	VNG0086G
Q9HST1	VNG0089G
Q9HST2	VNG0090G
Q9HST0	VNG0091C
Q9HSS9	VNG0094C
G3P_HALN1	VNG0095G
Q9HSS8	VNG0096C
Q9HSS6	VNG0097G
Q9HSS5	VNG0098G
RL10_HALN1	VNG0099G
Q9HSS3	VNG0101G
Q9HSS2	VNG0102C
Q9HSS1	VNG0104G
Q9HSS0	VNG0105H
Q9HSR9	VNG0106G
Q9HSR8	VNG0107G
Q9HSR7	VNG0108G
Q9HSR6	VNG0110C
Q9HI32	VNG0112H
Q9HSR5	VNG0113H
Q9HSR4	VNG0115G
Q9HSR3	VNG0116H
Q9HSR2	VNG0117H
Q9HSR1	VNG0118H
Q9HSR0	VNG0119H
Q9HSQ9	VNG0120H
Q9HSQ8	VNG0121H
Q9HSQ7	VNG0123G
Q9HSQ6	VNG0124C
Q9HSQ5	VNG0125H
Q9HSQ4	VNG0127C
Q9HSQ3	VNG0128C
HTPX_HALN1	VNG0129G
Q9HSQ1	VNG0130H
Q9HSQ0	VNG0132C
Q9HSP9	VNG0133G
Q9HSP8	VNG0134G
Q9HSP7	VNG0136G
Q9HSP6	VNG0137G
Q9HSP5	VNG0138H
Q9HSP4	VNG0139H
Q9HSP3	VNG0140H
Q9HSP2	VNG0141H
Q9HSP1	VNG0142C
Q9HSP0	VNG0143H
Q9HSN9	VNG0144H
Q9HSN8	VNG0146H
NIKR_HALN1	VNG0147C
Q9HSN6	VNG0148H
Q9HSN5	VNG0149G
Q9HSN4	VNG0150H
Q9HSN3	VNG0151C
Q9HSN2	VNG0152G
Q9HSN1	VNG0153C
Q9HSN0	VNG0154G
Q9HSM9	VNG0156C
Q9HSM8	VNG0157G
Q9HSM7	VNG0158G
MUTL_HALN1	VNG0159G
Q9HSM5	VNG0160G
DHE4_HALN1	VNG0161G
Q9HSM3	VNG0162G
MTS1_HALN1	VNG0163G
Q9HSM1	VNG0164G
PSMA_HALN1	VNG0166G
Q9HSM0	VNG0167H
Q9HSL9	VNG0168H
Q9HSL8	VNG0170C
Y171_HALN1	VNG0171C
MTS2_HALN1	VNG0172G
Q9HSL5	VNG0174G
Q9HSL4	VNG0175G
Q9HSL3	VNG0176H
R15E_HALN1	VNG0177G
Q9HSL1	VNG0178H
Q9HSL0	VNG0179C
BACH_HALN1	VNG0180G
Q9HSK8	VNG0181G
END4_HALN1	VNG0183G
Q9HSK6	VNG0184H
Q9HSK5	VNG0186G
Q9HSK4	VNG0187H
Q9HSK3	VNG0188H
Q9HSK2	VNG0189C
Q9HSK1	VNG0190C
FTSZ_HALN1	VNG0192G
Q9HSJ9	VNG0194H
Q9HSJ8	VNG0195H
Q9HSJ7	VNG0196H
Q9HSJ6	VNG0197C
Q9HSJ5	VNG0198H
Q9HSJ4	VNG0199H
Q9HSJ3	VNG0200C
Q9HSJ1	VNG0203C
Q9HSJ2	VNG0204H
Q9HSJ0	VNG0205H
Q9HSI9	VNG0207H
Q9HSI8	VNG0208H
Q9HSI7	VNG0209H
Q9HI31	VNG0210H
Q9HSI6	VNG0212H
TH11_HALN1	VNG0213H
Q9HSI5	VNG0214C
Q9HSI4	VNG0215C
Q9HSI3	VNG0216H
Q9HSI2	VNG0217H
Q9HSI1	VNG0218G
Q9HSI0	VNG0219H
Q9HSH9	VNG0220H
Q9HSH8	VNG0222C
Q9HSH7	VNG0223G
Q9HSH6	VNG0226G
Q9HSH5	VNG0227H
GAAA_HALN1	VNG0228G
Q9HSH3	VNG0230C
Q9HSH2	VNG0231C
Q9HSH1	VNG0233H
PFDB_HALN1	VNG0234C
RPOP_HALN1	VNG0237H
Q9HSG7	VNG0238H
R37A_HALN1	VNG0239C
Q9HSG6	VNG0240C
TRUD_HALN1	VNG0243C
Q9HSG4	VNG0244H
DCD_HALN1	VNG0245G
Q9HSG2	VNG0247C
Q9HSG1	VNG0248C
P82857	VNG0249G
Q9HSG0	VNG0250C
Q9HSF9	VNG0251C
PCRB_HALN1	VNG0252C
TFB7_HALN1	VNG0254G
Q9HSF6	VNG0255C
Q9HSF5	VNG0256H
Q9HSF4	VNG0258H
IPYR_HALN1	VNG0259G
Q9HSF2	VNG0261H
Q9HSF1	VNG0262C
Q9HSF0	VNG0264H
Q9HSE9	VNG0265G
Q9HSE8	VNG0266H
Q9HSE7	VNG0267H
Q9HSE6	VNG0268C
Q9HSE5	VNG0270C
Q9HSE4	VNG0271C
Q9HSE3	VNG0272H
Q9HSE2	VNG0274C
Q9HSE1	VNG0277G
Q9HSE0	VNG0280H
Q9HSD9	VNG0281G
Q9HSD7	VNG0282H
Q9HSD8	VNG0283C
Q9HSD6	VNG0284C
Q9HSD5	VNG0285C
Q9HSD4	VNG0286C
Q9HSD3	VNG0287H
Q9HSD2	VNG0289H
Q9HSD1	VNG0291H
Q9HSD0	VNG0293H
Q9HSC9	VNG0294G
Q9HSC8	VNG0296H
Q9HSC7	VNG0297H
Q9HSC6	VNG0298H
Q9HSC5	VNG0300C
NADM_HALN1	VNG0301C
LONH_HALN1	VNG0303G
TRPC_HALN1	VNG0305G
Q9HSC2	VNG0306C
TRPB_HALN1	VNG0307G
TRPA_HALN1	VNG0308G
Y309_HALN1	VNG0309C
Y310_HALN1	VNG0310C
Q9HSB7	VNG0311H
Q9HSB5	VNG0312H
AROD_HALN1	VNG0314G
TFB6_HALN1	VNG0315G
Q9HSB2	VNG0316C
Q9HSB1	VNG0318G
Q9HSB0	VNG0319H
Q9HSA9	VNG0320H
Q9HSA8	VNG0321G
Q9HSA7	VNG0322H
Q9HSA6	VNG0323H
Q9HSA5	VNG0324G
SYM_HALN1	VNG0326G
Q9HSA3	VNG0327G
Q9HSA2	VNG0329G
Q9HSA1	VNG0330G
Q9HSA0	VNG0331H
Q9HS99	VNG0332C
Q9HS98	VNG0335G
Q9HS97	VNG0339H
Q9HS96	VNG0340C
Q9HS95	VNG0342G
Q9HS94	VNG0343H
GATB_HALN1	VNG0345G
Q9HS92	VNG0346H
Q9HS91	VNG0347H
Q9HS90	VNG0349G
Q9HS89	VNG0351C
Q9HS88	VNG0352H
Q9HS87	VNG0354C
Q9HS86	VNG0355G
Q9HS85	VNG0357H
Q9HS84	VNG0359C
Q9HS83	VNG0360C
Q9HS82	VNG0361C
Q9HS81	VNG0363G
Q9HS80	VNG0364G
Q9HS79	VNG0365G
Q9HS78	VNG0367H
Q9HS77	VNG0368C
Q9HS76	VNG0370H
Q9HS75	VNG0371G
Q9HS74	VNG0373H
Q9HS73	VNG0374G
SECE_HALN1	VNG0375G
Q9HS71	VNG0376G
Y378_HALN1	VNG0378C
Q9HS69	VNG0380G
AROE_HALN1	VNG0382G
Q9HS67	VNG0383H
Q9HS66	VNG0384G
Q9HS65	VNG0386G
Q9HS64	VNG0387G
Q9HS63	VNG0388C
Q9HS62	VNG0389C
Q9HS61	VNG0390G
Q9HS60	VNG0391C
Q9HS59	VNG0393C
Q9HS58	VNG0394C
Q9HS57	VNG0396C
Q9HS56	VNG0398G
Q9HS55	VNG0399H
Q9HS54	VNG0401G
Q9HS53	VNG0402H
Q9HS52	VNG0403G
Q9HS51	VNG0404H
Q9HS50	VNG0405C
EGSA_HALN1	VNG0406C
Q9HS48	VNG0407H
Q9HS47	VNG0408H
Q9HS46	VNG0409C
Q9HS45	VNG0410G
Q9HS44	VNG0412G
Q9HS43	VNG0414G
Q9HS42	VNG0415G
Q9HS41	VNG0417H
Q9HS40	VNG0419C
Q9HS39	VNG0420H
Q9HS38	VNG0421C
Q9HS37	VNG0422G
Q9HS36	VNG0424C
Q9HS35	VNG0425G
Q9HS34	VNG0426G
Q9HS33	VNG0427G
Q9HS32	VNG0428G
Q9HS31	VNG0429H
Q9HS30	VNG0430H
Q9HS29	VNG0431G
Q9HS28	VNG0433C
Q9HS27	VNG0435H
Q9HS26	VNG0436G
Q9HS25	VNG0437C
Q9HS23	VNG0438G
Q9HS24	VNG0439C
Q9HS22	VNG0440C
Q9HS21	VNG0441H
Q9HS20	VNG0442G
DAPA_HALN1	VNG0444G
Q9HS17	VNG0446G
Q9HS18	VNG0447H
PYEL_HALN1	VNG0448G
Q9HS15	VNG0450C
Q9HS14	VNG0451G
PSB1_HALN1	VNG0452G
Q9HS12	VNG0453G
Q9HS11	VNG0455G
Q9HS10	VNG0457G
Q9HS09	VNG0458G
Q9HS08	VNG0459G
SYD_HALN1	VNG0461G
Q9HS06	VNG0462C
Q9HS05	VNG0463C
Q9HS04	VNG0465G
Q9HS03	VNG0466C
Q9HS02	VNG0467G
Q9HS01	VNG0468C
Q9HS00	VNG0469H
Q9HRZ9	VNG0470G
Q9HRZ8	VNG0471C
Q9HRZ7	VNG0472H
Q9HRZ6	VNG0473G
Q9HRZ5	VNG0474G
Q9HRZ4	VNG0475C
Q9HRZ3	VNG0478C
Q9HRZ2	VNG0479G
Q9HRZ1	VNG0481G
Q9HRZ0	VNG0482H
Q9HRY9	VNG0483C
Q9HRY8	VNG0484G
Q9HRY7	VNG0485H
Q9HRY6	VNG0486G
Q9HRY5	VNG0487H
Q9HRY4	VNG0488H
DNAJ_HALN1	VNG0489G
DNAK_HALN1	VNG0491G
Q9HRY1	VNG0492H
GRPE_HALN1	VNG0494G
Q9HRX9	VNG0496H
Q9HRX8	VNG0498C
Q9HRX7	VNG0499G
Q9HRX6	VNG0500G
Q9HRX5	VNG0501G
Q9HRX4	VNG0502G
Q9HRX3	VNG0503C
Q9HRX2	VNG0504G
Q9HRX1	VNG0505C
Q9HRX0	VNG0506H
Q9HRW9	VNG0507C
Q9HRW8	VNG0508H
Q9HRW7	VNG0509H
PSR2_HALN1	VNG0510G
Q9HRW5	VNG0511H
Q9HRW4	VNG0512G
Q9HRW3	VNG0514C
Q9HRW2	VNG0516H
Q9HRW1	VNG0518H
Q9HRW0	VNG0520H
Q9HRV9	VNG0521G
Q9HRV8	VNG0523G
Q9HRV7	VNG0524G
Q9HRV6	VNG0525C
Q9HRV5	VNG0527C
Q9HRV4	VNG0529H
Q9HRV3	VNG0530G
Q9HRV2	VNG0532H
Q9HRV1	VNG0533H
Q9HRV0	VNG0534C
Q9HRU9	VNG0535C
Q9HRU8	VNG0536G
Q9HRU7	VNG0537C
Q9HRU6	VNG0539C
Q9HRU5	VNG0540G
Q9HRU4	VNG0541G
Q9HRU3	VNG0542C
Q9HRU2	VNG0543H
Q9HRU1	VNG0544H
Q9HRU0	VNG0546C
Q9HRT9	VNG0548C
IF2A_HALN1	VNG0549G
RS27_HALN1	VNG0550G
Q9HRT6	VNG0551G
Q9HRT5	VNG0553C
Q9HRT4	VNG0555C
Q9HRT3	VNG0556G
Q9HRT2	VNG0557H
APT_HALN1	VNG0559G
Q9HRT0	VNG0560C
Q9HRS9	VNG0562C
Q9HRS8	VNG0563G
Q9HRS6	VNG0564H
Q9HRS7	VNG0565C
Q9HRS5	VNG0566C
Q9HRS3	VNG0568C
Q9HRS4	VNG0570H
Q9HRS2	VNG0571C
Q9HRS1	VNG0572G
Q9HRS0	VNG0573C
Q9HRR9	VNG0574C
Q9HRR8	VNG0575G
Q9HRR7	VNG0576C
Q9HRR6	VNG0578H
Q9HRR5	VNG0579H
Q9HRR4	VNG0581H
Q9HRR3	VNG0582C
Q9HRR2	VNG0583G
Q9HRR1	VNG0584H
Q9HRR0	VNG0585H
Q9HRQ9	VNG0586C
Q9HRQ8	VNG0587H
Q9HRQ7	VNG0590H
Q9HRQ6	VNG0591C
Q9HRQ5	VNG0592G
Q9HRQ4	VNG0593G
Q9HRQ3	VNG0594H
Q9HRQ2	VNG0595H
Q9HRQ1	VNG0596H
Q9HRQ0	VNG0597H
Q9HRP9	VNG0598C
Q9HRP7	VNG0599C
Q9HRP8	VNG0600C
Q9HRP6	VNG0601H
Q9HRP5	VNG0602C
Q9HRP4	VNG0604H
Q9HRP3	VNG0606G
Q9HRP2	VNG0608C
Q9HRP1	VNG0609C
Q9HRP0	VNG0610G
Q9HRN9	VNG0611H
Q9HRN8	VNG0612H
Q9HRN7	VNG0613H
Q9HRN6	VNG0614G
Q9HRN5	VNG0615C
Q9HRN4	VNG0617H
Q9HRN3	VNG0620G
Q9HRN2	VNG0622H
Q9HRN1	VNG0623G
Q9HRN0	VNG0624H
Q9HRM9	VNG0626G
Q9HRM8	VNG0627G
Q9HRM7	VNG0628G
Q9HRM6	VNG0629G
RISB_HALN1	VNG0630G
Q9HRM4	VNG0631C
Q9HRM3	VNG0632G
Q9HRM2	VNG0633G
Q9HRM1	VNG0635G
Q9HRM0	VNG0636G
Q9HRL9	VNG0637G
Q9HRL8	VNG0639G
Q9HRL7	VNG0640G
Q9HRL6	VNG0641C
Q9HRL5	VNG0642C
Q9HRL4	VNG0643G
Q9HRL3	VNG0646G
Q9HRL2	VNG0647G
Q9HRL1	VNG0648G
Q9HRL0	VNG0650C
Q9HRK9	VNG0651G
Q9HRK8	VNG0652H
Q9HRK7	VNG0653G
Q9HRK6	VNG0654C
Q9HRK5	VNG0656H
COX1_HALN1	VNG0657G
Q9HRK3	VNG0659H
Q9HRK2	VNG0660H
Q9HRK1	VNG0662G
Q9HRK0	VNG0664G
Q9HRJ9	VNG0665G
Q9HRJ8	VNG0666G
Q9HRJ7	VNG0667G
Q9HRJ6	VNG0668C
Q9HRJ5	VNG0669H
Q9HRJ4	VNG0670H
Q9HRJ3	VNG0671H
Q9HRJ2	VNG0673G
Q9HRJ1	VNG0674C
Q9HRJ0	VNG0675C
Q9HRI9	VNG0676C
Q9HRI7	VNG0677H
Q9HRI8	VNG0678G
Q9HRI6	VNG0679G
Q9HRI5	VNG0680G
Q9HRI4	VNG0681G
Q9HRI3	VNG0682C
Y683_HALN1	VNG0683C
Q9HRI1	VNG0684G
Q9HRI0	VNG0686C
Q9HRH9	VNG0688H
Q9HRH8	VNG0689G
Q9HRH7	VNG0690C
Q9HRH6	VNG0692C
Q9HRH5	VNG0694G
Q9HRH4	VNG0697H
Q9HRH3	VNG0698H
Q9HRH2	VNG0700G
Q9HRH1	VNG0702H
Q9HRH0	VNG0703H
Q9HRG9	VNG0704C
Q9HRG8	VNG0705C
Q9HRG7	VNG0707C
Q9HRG6	VNG0708H
Q9HRG5	VNG0709C
Q9HRG4	VNG0711C
Q9HRG3	VNG0713C
THIC_HALN1	VNG0715G
Q9HRG1	VNG0716G
Q9HRG0	VNG0717H
PGP_HALN1	VNG0718C
Q9HRF8	VNG0719G
Q9HRF7	VNG0720G
Q9HRF6	VNG0723G
Q9HRF5	VNG0724H
Q9HRF4	VNG0725H
Q9HRF3	VNG0726C
Q9HRF2	VNG0727C
Q9HRF1	VNG0729H
PANE_HALN1	VNG0730C
Q9HRE9	VNG0731H
RTCA_HALN1	VNG0732G
Q9HRE7	VNG0733H
TFB2_HALN1	VNG0734G
Q9HRE5	VNG0735G
Q9HRE4	VNG0736G
Q9HRE2	VNG0737H
Q9HRE3	VNG0738H
Q9HRE1	VNG0740C
Q9HRE0	VNG0741H
Q9HRD9	VNG0742H
Q9HRD8	VNG0743H
Q9HRD7	VNG0745G
Y746_HALN1	VNG0746C
Q9HRD5	VNG0748G
Q9HRD4	VNG0749G
Q9HRD3	VNG0750C
Q9HRD2	VNG0751C
Q9HRD1	VNG0752G
Q9HRD0	VNG0753G
Q9HRC9	VNG0754C
Y755_HALN1	VNG0755C
Q9HRC7	VNG0757G
Q9HRC6	VNG0758C
Q9HRC5	VNG0759H
Q9HRC4	VNG0761G
Q9HRC3	VNG0762H
Q9HRC2	VNG0763G
Q9HRC1	VNG0764C
Q9HRC0	VNG0765H
Q9HRB9	VNG0766G
Q9HRB8	VNG0767H
Q9HRB7	VNG0768H
Q9HRB6	VNG0769H
Q9HRB5	VNG0771G
Q9HRB4	VNG0772H
Q9HRB3	VNG0775G
Q9HRB2	VNG0777G
Q9HRB1	VNG0778C
Q9HRB0	VNG0779C
Q9HRA9	VNG0780H
Q9HRA8	VNG0782H
Q9HRA7	VNG0784G
Q9HRA6	VNG0786G
RS3A_HALN1	VNG0787G
Q9HRA4	VNG0788H
Q9HRA3	VNG0789C
Q9HRA2	VNG0790G
Q9HRA1	VNG0793G
Q9HRA0	VNG0794G
Q9HR99	VNG0795G
Q9HR98	VNG0796G
Q9HR97	VNG0798H
Q9HR96	VNG0799C
Q9HR95	VNG0800H
Q9HR94	VNG0801C
Q9HR93	VNG0804C
HTR6_HALN1	VNG0806G
Q9HR91	VNG0808G
Q9HR90	VNG0810H
Q9HR89	VNG0811H
Q9HR88	VNG0812G
Q9HR87	VNG0813G
Q9HR86	VNG0814C
Q9HR85	VNG0815G
Q9HR84	VNG0816G
Q9HR83	VNG0818C
Q9HR82	VNG0819C
Q9HR81	VNG0821C
Q9HR80	VNG0822C
Q9HR79	VNG0823G
Q9HR78	VNG0824G
Q9HR77	VNG0825C
Q9HR76	VNG0826C
Q9HR75	VNG0828H
Q9HR74	VNG0829G
Q9HR73	VNG0830G
Q9HR72	VNG0831G
Q9HR71	VNG0832C
Q9HR70	VNG0834C
Q9HR69	VNG0835G
Q9HR68	VNG0836H
Q9HR67	VNG0837H
Q9HR66	VNG0838G
Q9HR65	VNG0840H
Q9HR64	VNG0841G
Q9HR63	VNG0845C
Q9HR62	VNG0846C
Q9HR61	VNG0847H
Q9HR60	VNG0849C
Q9HR59	VNG0851C
Q9HR58	VNG0852C
Q9HR57	VNG0853C
Q9HR56	VNG0854C
Q9HR55	VNG0857C
Q9HR54	VNG0858C
RPOL_HALN1	VNG0860G
Q9HR51	VNG0861H
HIS6_HALN1	VNG0862G
Q9HR50	VNG0863H
PURL_HALN1	VNG0864G
Q9HR48	VNG0865C
Q9HR47	VNG0867G
Q9HR46	VNG0868H
TFB4_HALN1	VNG0869G
GATC_HALN1	VNG0870G
GATA_HALN1	VNG0872G
Q9HR42	VNG0873G
Q9HR41	VNG0874G
Q9HR40	VNG0875C
Q9HR39	VNG0876G
Q9HR38	VNG0878G
Y879_HALN1	VNG0879C
Q9HR36	VNG0880G
DNLI_HALN1	VNG0881G
Q9HR34	VNG0882G
Q9HR33	VNG0883H
TP6A_HALN1	VNG0884G
TP6B_HALN1	VNG0885G
Q9HR30	VNG0887G
Q9HR29	VNG0889G
Q9HR28	VNG0890G
Q9HR27	VNG0891G
Q9HR26	VNG0892H
Q9HR25	VNG0893G
Q9HR24	VNG0896G
Q9HR23	VNG0897G
Q9HR22	VNG0898G
Q9HR21	VNG0901G
Q9HR20	VNG0903C
Q9HR19	VNG0905G
Q9HR18	VNG0906H
Q9HR17	VNG0907H
Q9HR16	VNG0908G
Q9HR15	VNG0909H
Q9HR14	VNG0911H
Q9HR13	VNG0913H
Q9HR12	VNG0914H
Q9HR11	VNG0915G
Q9HR10	VNG0916G
Q9HR09	VNG0917G
O52011	VNG0918H
Q9HR08	VNG0919G
Q9HR07	VNG0920H
Q9HR06	VNG0921G
Q9HR05	VNG0923G
Q9HR04	VNG0924G
Q9HR03	VNG0925C
Q9HR02	VNG0926H
Q9HR01	VNG0927C
Q9HR00	VNG0928G
Q9HQZ9	VNG0930G
Q9HQZ8	VNG0931G
Q9HQZ7	VNG0932C
Q9HQZ6	VNG0933G
Q9HQZ5	VNG0934H
Q9HQZ4	VNG0935G
Q9HQZ3	VNG0936C
Q9HQZ2	VNG0937G
Q9HQZ1	VNG0938G
Q9HQZ0	VNG0940G
Q9HQY9	VNG0941C
Q9HQY8	VNG0942G
Q9HQY7	VNG0943C
Q9HQY6	VNG0945H
Q9HQY5	VNG0946G
Q9HQY4	VNG0947G
Q9HQY3	VNG0949G
Q9HQY2	VNG0950G
Q9HQY1	VNG0953C
Q9HQY0	VNG0954C
Q9HQX9	VNG0955G
Q9HQX8	VNG0958G
Q9HQX7	VNG0959H
FLA3_HALN1	VNG0960G
FLA4_HALN1	VNG0961G
Q9HQX4	VNG0962G
Q9HQX3	VNG0963G
Q9HQX2	VNG0964C
Q9HQX1	VNG0965C
Q9HQX0	VNG0966G
Q9HQW9	VNG0967G
Q9HQW8	VNG0969H
Q48298	VNG0970G
Q9HQW7	VNG0971G
CHEB_HALN1	VNG0973G
Q48299	VNG0974G
Q9HQW5	VNG0976G
Q9HQW4	VNG0978H
Q9HQW3	VNG0979H
Q9HQW2	VNG0981C
Q9HQW1	VNG0982C
Q9HQW0	VNG0983C
Q9HQV9	VNG0985H
Q9HQV8	VNG0986H
Q9HQV7	VNG0987H
Q9HQV6	VNG0988H
Q9HQV5	VNG0989C
Q9HQV4	VNG0990H
Q9HQV3	VNG0991H
Q9HQV2	VNG0992H
Q9HQV1	VNG0993H
Q9HI31	VNG0994H
Q9HQV0	VNG0995H
Q9HQU9	VNG0996G
Q9HQU8	VNG0997G
Q9HQU7	VNG0998G
Q9HQU6	VNG0999H
Q9HQU5	VNG1000H
Q9HQU4	VNG1001G
Q9HQU3	VNG1002H
Q9HQU2	VNG1003H
Q9HQU1	VNG1005H
Q9HQU0	VNG1006H
Q9HI31	VNG1007H
FLA1_HALN1	VNG1008G
Q9HQT8	VNG1009G
GC31_HALN1	VNG1011C
Q9HQT6	VNG1012H
Q9HQT5	VNG1013G
DPO4_HALN1	VNG1014G
Q9HQT3	VNG1015H
Q9HQT2	VNG1017H
Q9HQT1	VNG1018G
Q9HQT0	VNG1020C
GC32_HALN1	VNG1021C
Q9HQS8	VNG1023C
Q9HQS7	VNG1024C
Q9HQS6	VNG1025H
Q9HQS5	VNG1026H
TPIS_HALN1	VNG1027G
Q9HQS3	VNG1029C
Q9HQS2	VNG1030G
YA31_HALN1	VNG1031C
HIS8_HALN1	VNG1033G
Q9HQR9	VNG1034H
Q9HQR8	VNG1035C
Q9HQR7	VNG1036H
Q9HQR6	VNG1037G
Q9HQR5	VNG1038C
Q9HQR4	VNG1039H
Q9HQR3	VNG1041H
Q9HQR2	VNG1042H
Q9HQR0	VNG1046H
Q9HQR1	VNG1047H
Q9HQQ9	VNG1048G
Q9HQQ8	VNG1050H
Q9HQQ7	VNG1052H
Q9HQQ6	VNG1053G
Q9HQQ5	VNG1054G
Q9HQQ4	VNG1055G
Q9HQQ3	VNG1056C
Q9HQQ2	VNG1057C
Q9HQQ1	VNG1058H
Q9HQQ0	VNG1059C
Q9HQP9	VNG1060H
Q9HQP8	VNG1062G
Q9HQP7	VNG1063H
Q9HQP6	VNG1064H
Q9HQP5	VNG1065C
Q9HQP4	VNG1066C
Q9HQP3	VNG1067G
Q9HQP2	VNG1068G
Q9HQP1	VNG1069C
Q9HQP0	VNG1070G
Q9HQN9	VNG1071G
Q9HQN8	VNG1073G
Q9HQN7	VNG1074G
Q9HQN6	VNG1075G
Q9HQN5	VNG1077G
Q9HQN4	VNG1079G
Q9HQN3	VNG1081G
Q9HQN2	VNG1083G
Q9HQN1	VNG1084G
Q9HQN0	VNG1085H
Q9HQM9	VNG1086C
Q9HQM8	VNG1087C
Q9HQM7	VNG1088C
PURA_HALN1	VNG1089G
Q9HQM5	VNG1090H
Q9HQM4	VNG1092C
CBIX_HALN1	VNG1093C
Q9HQM2	VNG1094H
Q9HQM1	VNG1095H
Q9HQM0	VNG1096H
SYC_HALN1	VNG1097G
Q9HQL8	VNG1099C
Q9HQL7	VNG1100C
Q9HQL6	VNG1101C
RL12_HALN1	VNG1103G
RLA0_HALN1	VNG1104G
RL1_HALN1	VNG1105G
RL11_HALN1	VNG1108G
YB10_HALN1	VNG1110C
YB11_HALN1	VNG1111G
Q9HQK9	VNG1112H
Q9HQK8	VNG1114G
YB15_HALN1	VNG1115H
Q9HQK5	VNG1117C
DPHB_HALN1	VNG1118G
Q9HQK4	VNG1119H
Q9HQK3	VNG1120H
Q9HQK2	VNG1121G
Q9HQK1	VNG1123G
Q9HQK0	VNG1125G
Q9HQJ9	VNG1128G
Q9HQJ8	VNG1130H
Q9HQJ7	VNG1131G
RS13_HALN1	VNG1132G
RS4_HALN1	VNG1133G
RS11_HALN1	VNG1134G
RPOD_HALN1	VNG1136G
R18E_HALN1	VNG1137G
Q9HQJ3	VNG1138G
RS9_HALN1	VNG1139G
RPON_HALN1	VNG1140G
RPOK_HALN1	VNG1141G
ENO_HALN1	VNG1142G
RS2_HALN1	VNG1143G
Q9HQI7	VNG1144H
Q9HQI6	VNG1145G
Q9HQI5	VNG1148G
Q9HQI4	VNG1149C
Q9HQI3	VNG1150G
Q9HQI2	VNG1151H
Q9HQI1	VNG1153G
Q9HQI0	VNG1154H
Q9HQH9	VNG1156G
RL7A_HALN1	VNG1157G
RS28_HALN1	VNG1158G
R24E_HALN1	VNG1159G
NDK_HALN1	VNG1160G
Q9HQH4	VNG1162H
Q9HQH3	VNG1163G
Q9HQH2	VNG1164C
KSGA_HALN1	VNG1165G
Q9HQH0	VNG1168C
Q9HQG9	VNG1169C
RL21_HALN1	VNG1170G
Q9HQG7	VNG1172G
EF1B_HALN1	VNG1173G
Q9HQG4	VNG1174G
Q9HQG5	VNG1175G
FLPA_HALN1	VNG1176G
Q9HQG2	VNG1178H
Q9HQG1	VNG1179C
MSRA_HALN1	VNG1180G
Q9HQF9	VNG1181G
Q9HQF8	VNG1182H
Q9HQF6	VNG1183H
Q9HQF7	VNG1184G
Q9HQF5	VNG1185G
Q9HQF4	VNG1187G
Q9HQF3	VNG1188G
Q9HQF2	VNG1189H
SOD1_HALN1	VNG1190G
Q9HQF0	VNG1191G
Q9HQE9	VNG1193C
Q9HQE8	VNG1194H
Q9HQE7	VNG1196H
Q9HQE6	VNG1197G
Q9HQE5	VNG1198C
Q9HQE4	VNG1200H
Q9HQE3	VNG1201G
Q9HQE2	VNG1202C
Q9HQE1	VNG1204G
Q9HQE0	VNG1205C
Q9HQD9	VNG1207C
HUTU_HALN1	VNG1208G
HUTG_HALN1	VNG1209G
HUTI_HALN1	VNG1211G
HUTH_HALN1	VNG1212G
Q9HQD4	VNG1213C
Q9HQD3	VNG1214H
Q9HQD2	VNG1215G
PGK_HALN1	VNG1216G
Q9HQD0	VNG1218C
URK_HALN1	VNG1219G
Q9HQC8	VNG1220H
CD62_HALN1	VNG1224G
Q9HQC5	VNG1226H
Q9HQC6	VNG1227H
Q9HQC4	VNG1228C
Q9HQC3	VNG1229H
AROC_HALN1	VNG1230G
AROA_HALN1	VNG1232G
Q9HQC0	VNG1233G
Q9HQB9	VNG1234C
Q9HQB8	VNG1235C
Q9HQB7	VNG1236C
Q9HQB6	VNG1237C
Q9HQB4	VNG1238C
Q9HQB5	VNG1239H
Q9HQB3	VNG1240G
SURE_HALN1	VNG1241G
Q9HQB1	VNG1244C
AROK_HALN1	VNG1245C
Q9HQA9	VNG1246H
Q9HQA8	VNG1247G
Q9HQA7	VNG1249C
Q9HQA6	VNG1250H
Q9HQA5	VNG1251G
Q9HQA4	VNG1252G
Q9HQA3	VNG1253C
Q9HQA2	VNG1255C
Q9HQA1	VNG1256G
Q9HQA0	VNG1257H
P82854	VNG1259G
Q9HQ99	VNG1260C
Q9HQ98	VNG1261H
IF2B_HALN1	VNG1262G
Q9HQ96	VNG1263C
YC64_HALN1	VNG1264C
Q9HQ94	VNG1266G
Q9HQ93	VNG1268H
Q9HQ92	VNG1270H
Q9HQ91	VNG1271H
Q9HQ90	VNG1272C
MOAC_HALN1	VNG1273G
Q9HQ88	VNG1275G
Q9HQ87	VNG1276C
RNP2_HALN1	VNG1279H
Q9HQ85	VNG1280C
Q9HQ84	VNG1281H
Q9HQ83	VNG1282G
Q9HQ82	VNG1283H
Q9HQ81	VNG1284G
Q9HQ80	VNG1285G
Q9HQ79	VNG1287C
Q9HQ78	VNG1289H
Q9HQ77	VNG1291H
Q9HQ76	VNG1292H
Q9P9H4	VNG1294G
Q9HQ75	VNG1295H
Q9HQ74	VNG1296C
METK_HALN1	VNG1297C
THII_HALN1	VNG1299C
Q9HQ71	VNG1300H
Q9HQ70	VNG1301G
Q9HQ69	VNG1302H
Q9HQ68	VNG1303C
Q9HQ67	VNG1305G
Q9HQ66	VNG1306G
Q9HQ65	VNG1308G
Q9HQ64	VNG1309G
DHSD_HALN1	VNG1310G
Q9HQ62	VNG1311G
Q9HQ61	VNG1313G
Q9HQ60	VNG1314H
Q9HQ59	VNG1315H
Q9HQ58	VNG1317H
Q9HQ57	VNG1318H
Q9HQ56	VNG1319H
Q9HQ55	VNG1320G
Q9HQ54	VNG1323C
Q9HQ53	VNG1324C
THYX_HALN1	VNG1325C
Q9HQ51	VNG1326H
Q9HQ50	VNG1327G
Q9HQ49	VNG1329H
Q9HQ48	VNG1330H
SOD2_HALN1	VNG1332G
PHR_HALN1	VNG1335G
YD36_HALN1	VNG1336C
Q9HQ44	VNG1337C
Q9HQ43	VNG1339C
Q9HQ42	VNG1340C
Q9HQ41	VNG1341G
Q9HQ40	VNG1342G
Q9HQ39	VNG1343C
Q9HQ38	VNG1344G
Q9HQ37	VNG1345H
Q9HQ36	VNG1347C
Q9HQ35	VNG1349C
Q9HQ34	VNG1350C
Q9HQ33	VNG1351G
GATE_HALN1	VNG1352G
Q9HQ31	VNG1353C
Q9HQ30	VNG1355H
FUMC_HALN1	VNG1356G
Q9HQ28	VNG1357C
FEN_HALN1	VNG1359G
Q9HQ26	VNG1360H
Q9HQ25	VNG1362H
Q9HQ24	VNG1364G
Q9HQ23	VNG1365C
Q9HQ22	VNG1366H
SR19_HALN1	VNG1367G
Q9HQ20	VNG1369G
Q9HQ19	VNG1370G
Q9HQ18	VNG1371G
Q9HQ17	VNG1372C
Q9HQ16	VNG1374G
Q9HQ15	VNG1375C
Q9HQ14	VNG1376H
Q9HQ13	VNG1377G
Q9HQ12	VNG1379G
Q9HQ11	VNG1380H
Q9HQ10	VNG1381H
Q9HQ09	VNG1382H
Q9HQ08	VNG1383G
Q9HQ07	VNG1384H
Q9HQ06	VNG1385G
Q9HQ05	VNG1387H
Q9HQ04	VNG1388H
Q9HQ03	VNG1389C
Q9HQ02	VNG1390H
Q9HQ01	VNG1394H
HTR3_HALN1	VNG1395G
Q9HPZ9	VNG1397C
Q9HPZ8	VNG1398C
YE01_HALN1	VNG1401C
Q9HPZ7	VNG1402H
Q9HPZ5	VNG1403H
Q9HPZ3	VNG1404G
Q9HPZ4	VNG1405C
Q9HPZ2	VNG1406G
Q9HPZ1	VNG1407C
Q9HPZ0	VNG1408G
Q9HPY9	VNG1409C
Q9HPY8	VNG1410H
Q9HPY7	VNG1412H
Q9HPY6	VNG1413H
GLYA_HALN1	VNG1414G
Q9HPY4	VNG1416G
Q9HPY3	VNG1417H
Q9HPY2	VNG1418C
Q9HPY1	VNG1420H
Q9HPY0	VNG1422H
Q9HPX9	VNG1423H
Q9HPX8	VNG1425H
Q9HPX7	VNG1426H
Q9HPX6	VNG1427H
Q9HPX5	VNG1428G
Q9HPX4	VNG1429C
Q9HPX3	VNG1431C
DHYS_HALN1	VNG1432G
R17E_HALN1	VNG1433G
Q9HPX0	VNG1435G
Q9HPW9	VNG1437G
Q9HPW8	VNG1438H
Q9HPW7	VNG1440H
Q9HPW6	VNG1442G
HISX_HALN1	VNG1444G
Q9HPW4	VNG1446H
Q9HPW3	VNG1447H
Q9HPW2	VNG1448H
Q9HPW1	VNG1450G
Q9HPW0	VNG1451C
Q9HPV9	VNG1452G
Q9HPV8	VNG1453H
Q9HPV7	VNG1454C
Q9HPV6	VNG1455H
Q9HPV5	VNG1456H
Q9HPV4	VNG1457C
Q9HPV3	VNG1458G
Q9HPV2	VNG1459H
Q9HPV1	VNG1461H
Q9HPV0	VNG1462G
Q9HPU9	VNG1463G
BAT_HALN1	VNG1464G
Q9HPU7	VNG1465G
Q9HPU6	VNG1466H
BACR_HALN1	VNG1467G
Q9HPU4	VNG1468H
PRIS_HALN1	VNG1470G
Q9HPU2	VNG1471C
Q9HPU1	VNG1472G
Q9HPU0	VNG1473H
Q9HPT9	VNG1474G
Q9HPT8	VNG1475C
Q9HPT7	VNG1476C
PANB_HALN1	VNG1478G
Q9HPT5	VNG1479H
Q9HPT4	VNG1480C
Q9HPT3	VNG1481G
Q9HPT2	VNG1482G
Q9HPT1	VNG1483C
Q9HPT0	VNG1484H
Q9HPS9	VNG1486H
Q9HPS8	VNG1487H
Q9HPS7	VNG1488G
Q9HPS6	VNG1490H
Q9HPS5	VNG1492C
Q9HPS4	VNG1493G
RL37_HALN1	VNG1494G
Q9HPS2	VNG1496G
Q9HPS0	VNG1497C
Q9HPS1	VNG1498G
Q9HPR9	VNG1500H
Q9HPR8	VNG1501G
Q9HPR7	VNG1503C
HMAT_HALN1	VNG1505G
Q9HPR5	VNG1506G
Q9HPR4	VNG1508C
Q9HPR3	VNG1510C
Q9HPR2	VNG1511C
Q9HPR1	VNG1513H
Q9HPR0	VNG1514H
Q9HPQ9	VNG1515G
Q9HPQ8	VNG1518H
Q9HPQ7	VNG1519H
Q9HPQ6	VNG1520G
Q9HPQ5	VNG1523G
Q9HPQ4	VNG1524C
Q9HPQ3	VNG1525C
Q9HPQ2	VNG1526G
Q9HPQ1	VNG1528G
Q9HPQ0	VNG1529G
Q9HPP9	VNG1530H
Q9HPP8	VNG1532G
Q9HPP7	VNG1533H
Q9HPP6	VNG1534H
Q9HPP5	VNG1536C
Q9HPP4	VNG1537C
Q9HPP3	VNG1538H
Q9HPP2	VNG1540G
SUCC_HALN1	VNG1541G
Q9HPP0	VNG1542G
Q9HPN9	VNG1543G
Q9HPN8	VNG1544G
Q9HPN6	VNG1546H
Q9HPN7	VNG1547C
Q9HPN5	VNG1548C
CBIT_HALN1	VNG1550G
Q9HPN3	VNG1551G
Q9HPN2	VNG1553G
Q9HPN1	VNG1554G
Q9HPN0	VNG1555G
Q9HPM9	VNG1557G
Q9HPM8	VNG1558H
Q9HPM7	VNG1559H
Q9HPM6	VNG1561C
Q9HPM5	VNG1562H
Q9HPM4	VNG1564H
Q9HPM3	VNG1565G
Q9HPM2	VNG1566G
Q9HPM1	VNG1567G
Q9HPM0	VNG1568G
Q9HPL9	VNG1570H
YF72_HALN1	VNG1572C
COBB_HALN1	VNG1573G
Q9HPL6	VNG1574G
Q9HPL5	VNG1576G
Q9HPL4	VNG1577C
Q9HPL3	VNG1578H
COBS_HALN1	VNG1580H
Q9HPL1	VNG1581C
Q9HPL0	VNG1582G
CBIZ_HALN1	VNG1583C
Q9HPK8	VNG1585C
Q9HPK7	VNG1587H
Q9HPK6	VNG1589C
Q9HPK5	VNG1590H
Q9HPK4	VNG1591H
Q9HPK3	VNG1592G
YF95_HALN1	VNG1595C
Q9HPK1	VNG1598H
GCSB_HALN1	VNG1601G
GCSA_HALN1	VNG1603G
GCSH_HALN1	VNG1605G
GCST_HALN1	VNG1606G
Q9HPJ6	VNG1607G
Q9HPJ5	VNG1608C
Q9HPJ4	VNG1609C
Q9HPJ3	VNG1610C
Q9HPJ2	VNG1611C
Q9HPJ1	VNG1613H
Q9HPJ0	VNG1615G
Q9HPI8	VNG1616C
Q9HPI7	VNG1617H
Q9HPI9	VNG1618H
Q9HPI6	VNG1619H
Q9HPI5	VNG1621H
RFCL_HALN1	VNG1622G
Q9HPI3	VNG1623G
Q9HPI2	VNG1624G
Q9HPI1	VNG1625H
Q9HPI0	VNG1626C
Q9HPH9	VNG1628G
Q9HPH8	VNG1630H
Q9HPH7	VNG1631G
Q9HPH6	VNG1632G
CBIN_HALN1	VNG1634G
Q9HPH4	VNG1635G
Q9HPH3	VNG1637G
Q9HPH2	VNG1638H
Q9HPH1	VNG1640H
Q9HPH0	VNG1641H
Q9HPG9	VNG1642H
Q9HPG8	VNG1644G
Q9HPG7	VNG1645H
Q9HPG6	VNG1646G
Q9HPG5	VNG1647G
TRPF_HALN1	VNG1648G
TRPD_HALN1	VNG1649G
Q9HPG2	VNG1650H
Q9HI31	VNG1651H
Q9HI34	VNG1653H
Q9HPG1	VNG1654G
Q9HPG0	VNG1655H
Q9HPF8	VNG1656H
Q9HPF9	VNG1657H
Q9HPF7	VNG1658C
HTR1_HALN1	VNG1659G
BACS_HALN1	VNG1660G
Q9HPF4	VNG1663C
Q9HPF3	VNG1664H
RADB_HALN1	VNG1665G
Q9HPF1	VNG1666H
CDCH_HALN1	VNG1667G
RS8E_HALN1	VNG1668G
Q9HPE8	VNG1670C
Q9HPE7	VNG1672H
PYRF_HALN1	VNG1673G
Q9HPE6	VNG1674H
Q9HPE5	VNG1675H
Q9HPE4	VNG1676G
Q9HPE3	VNG1678H
Q9HPE2	VNG1679H
Q9HPE1	VNG1680G
Q9HPE0	VNG1681C
Q9HPD9	VNG1682C
Q9HPD8	VNG1684G
MCH_HALN1	VNG1686G
Q9HPD6	VNG1687C
Q9HPD5	VNG1688C
RL3_HALN1	VNG1689G
RL4_HALN1	VNG1690G
RL23_HALN1	VNG1691G
RL2_HALN1	VNG1692G
RS19_HALN1	VNG1693G
RL22_HALN1	VNG1695G
RS3_HALN1	VNG1697G
RL29_HALN1	VNG1698G
RNP1_HALN1	VNG1699C
RS17_HALN1	VNG1700G
RL14_HALN1	VNG1701G
RL24_HALN1	VNG1702G
RS4E_HALN1	VNG1703G
RL5_HALN1	VNG1705G
RS14_HALN1	VNG1706G
RS8_HALN1	VNG1707G
RL6_HALN1	VNG1709G
RL32_HALN1	VNG1711G
Q9HPB6	VNG1713G
RL18_HALN1	VNG1714G
RS5_HALN1	VNG1715G
Q9HPB3	VNG1716G
Q9HPB2	VNG1718G
Q9HPB1	VNG1719G
Q9HPB0	VNG1720H
Q9HPA9	VNG1721G
Q9HPA8	VNG1723H
KAD_HALN1	VNG1724G
Q9HPA6	VNG1726G
KCY_HALN1	VNG1727G
TRUB_HALN1	VNG1729G
Q9HPA3	VNG1732C
Q9HPA2	VNG1733G
Q9HPA1	VNG1734H
Q9HPA0	VNG1735C
Q9HP99	VNG1737H
Q9HP98	VNG1739G
Q9HP97	VNG1740C
Q9HP96	VNG1743C
Q9HP95	VNG1744H
Q9HP94	VNG1746C
Q9HP93	VNG1748C
Q9HP92	VNG1749G
Q9HP91	VNG1751H
Q9HP90	VNG1752C
Q9HP89	VNG1754G
Q9HP88	VNG1755G
IFA2_HALN1	VNG1756G
Q9HP86	VNG1758H
HTR5_HALN1	VNG1759G
HTR4_HALN1	VNG1760G
Q9HP83	VNG1762G
BACT_HALN1	VNG1764G
HTR2_HALN1	VNG1765G
YH66_HALN1	VNG1766C
Q9HP79	VNG1767G
IF5A_HALN1	VNG1768G
Q9HP77	VNG1769C
Q9HP76	VNG1770C
Q9HP75	VNG1771C
Q9HP74	VNG1772G
PHS_HALN1	VNG1773G
HEM1_HALN1	VNG1774G
Q9HP71	VNG1775C
Q9HP70	VNG1776G
Q9HP69	VNG1777H
UPPS_HALN1	VNG1779C
Q9HP67	VNG1781C
Q9HP66	VNG1782C
Q9HP64	VNG1783H
Q9HP65	VNG1784C
Q9HP63	VNG1785G
Q9HP62	VNG1786H
Q9HP61	VNG1787H
Q9HP60	VNG1788C
Q9HP59	VNG1790H
Q9HP58	VNG1791C
PDX1_HALN1	VNG1793C
Q9HP56	VNG1794C
Q9HP54	VNG1795C
Q9HP53	VNG1796H
KHSE_HALN1	VNG1797G
Q9HP52	VNG1798H
Q9HP51	VNG1800H
Q9HP50	VNG1801G
Q9HP49	VNG1802H
Q9HP48	VNG1804G
Q9HP47	VNG1806H
Q9HP46	VNG1807H
Q9HP45	VNG1809H
Q9HP44	VNG1811G
CARB_HALN1	VNG1814G
CARA_HALN1	VNG1815G
Q9HP41	VNG1816G
IDI_HALN1	VNG1818G
Q9HP39	VNG1820H
Q9HP38	VNG1821G
Q9HP37	VNG1822G
Q9HP36	VNG1823C
Q9HP35	VNG1826H
Q9HP34	VNG1827H
GAAB_HALN1	VNG1829G
PYRG_HALN1	VNG1830G
Q9HP31	VNG1831H
Q9HP30	VNG1832H
Q9HP29	VNG1833C
Q9HP28	VNG1834G
SYT_HALN1	VNG1835G
Q9HP26	VNG1836G
Q9HP25	VNG1837G
Q9HP23	VNG1838H
Q9HP24	VNG1839H
Q9HP22	VNG1842H
Q9HP21	VNG1843C
GATD_HALN1	VNG1844G
Q9HP19	VNG1845C
Q9HP18	VNG1846C
Q9HP16	VNG1847G
Q9HP17	VNG1848H
Q9HP15	VNG1849H
Q9HP14	VNG1850G
Q9HP13	VNG1851G
Q9HP12	VNG1852H
Q9HP11	VNG1853G
Q9HP10	VNG1856G
Q9HP09	VNG1857C
DEOC_HALN1	VNG1859G
Q9HP07	VNG1861C
Q9HP06	VNG1862G
Q9HP05	VNG1864G
Q9HP04	VNG1865H
Q9HP03	VNG1866G
Q9HP02	VNG1867G
Q9HP01	VNG1868G
Q9HP00	VNG1869C
Q9HNZ9	VNG1871G
Q9HNZ8	VNG1872C
Q9HNZ7	VNG1873G
Q9HNZ6	VNG1874C
Q9HNZ5	VNG1875G
Q9HNZ4	VNG1877C
Q9HNZ3	VNG1879G
Q9HNZ2	VNG1880C
NADA_HALN1	VNG1882G
NADB_HALN1	VNG1883G
Q9HNY9	VNG1884G
Q9HNY8	VNG1886C
GPMI_HALN1	VNG1887G
Q9HNY6	VNG1889H
Q9HNY5	VNG1890H
Q9HNY4	VNG1891H
Q9HNY3	VNG1893G
Q9HNY2	VNG1894C
Q9HNY1	VNG1895H
Q9HNY0	VNG1896C
Q9HNX9	VNG1898C
Q9HNX8	VNG1899G
PPNK_HALN1	VNG1900C
Q9HNX6	VNG1901C
Q9HNX5	VNG1902H
Q9HNX4	VNG1903C
Q9HNX3	VNG1904H
Q9HNX2	VNG1905C
Q9HNX1	VNG1906H
Q9HNX0	VNG1907H
Q9HNW9	VNG1910H
Q9HNW8	VNG1911G
Q9HNW7	VNG1912G
Q9HNW6	VNG1914G
Q9HNW5	VNG1916H
Q9HNW4	VNG1917H
Q9HNW3	VNG1918C
CRB1_HALN1	VNG1919H
Q9HNW0	VNG1920H
CRB2_HALN1	VNG1921H
Q9HNV9	VNG1922G
Q9HNV8	VNG1924G
Q9HNV7	VNG1925H
Q9HNV6	VNG1926G
Q9HNV5	VNG1927H
KTHY_HALN1	VNG1929G
Q9HNV3	VNG1932G
Q9HNV2	VNG1933G
Q9HNV1	VNG1934H
Q9HNV0	VNG1935C
Q9HNU9	VNG1937C
Q9HNU8	VNG1938C
PUR7_HALN1	VNG1939G
Q9HNU6	VNG1940H
Q9HNU5	VNG1941C
Q9HNU4	VNG1942H
Q9HNU3	VNG1943H
Q9HNU1	VNG1944C
PURQ_HALN1	VNG1945G
Q9HNU0	VNG1946G
Q9HNT9	VNG1948H
Q9HNT8	VNG1949G
Q9HNT7	VNG1951G
Q9HNT6	VNG1952H
Q9HNT5	VNG1953C
Q9HNT4	VNG1954H
Q9HNT3	VNG1956H
Q9HNT2	VNG1957G
Q9HNT1	VNG1959G
Q9HNT0	VNG1960H
Q9HNS9	VNG1962C
Q9HNS8	VNG1963H
Q9HNS7	VNG1964H
Q9HNS6	VNG1965H
GLPK_HALN1	VNG1967G
Q9HNS4	VNG1969G
GLPB_HALN1	VNG1971G
Q9HNS2	VNG1972G
Q9HNS1	VNG1973H
Q9HNS0	VNG1974H
Q9HNR9	VNG1976H
Q9HNR8	VNG1977H
Q9HNR7	VNG1978H
YJ80_HALN1	VNG1980C
Q9HNR4	VNG1982C
Q9HNR5	VNG1983H
Q9HNR3	VNG1984G
Q9HNR2	VNG1985C
YJ86_HALN1	VNG1986C
Q9HNR0	VNG1987G
Q9HNQ9	VNG1988G
Q9HNQ8	VNG1989H
Q9HNQ7	VNG1991H
G6PI_HALN1	VNG1992G
Q9HNQ5	VNG1993H
Q9HNQ4	VNG1994C
Q9HNQ3	VNG1995C
IF2P_HALN1	VNG1997G
Q9HNQ1	VNG1998H
PDAD_HALN1	VNG1999H
PSR1_HALN1	VNG2000G
Q9HNP8	VNG2001G
Q9HNP7	VNG2002H
TRUA_HALN1	VNG2003G
SYH_HALN1	VNG2005G
Q9HNP4	VNG2006C
YK08_HALN1	VNG2008H
Q9HNP2	VNG2010G
Q9HNP1	VNG2011G
Q9HNP0	VNG2012C
Q9HNN9	VNG2014H
PYRH_HALN1	VNG2015C
SYK_HALN1	VNG2017G
Q9HNN6	VNG2019C
Q9HNN5	VNG2020C
Q9HNN4	VNG2021C
Q9HNN3	VNG2023G
Q9HNN2	VNG2024H
Q9HNN1	VNG2025G
Q9HNN0	VNG2027H
Q9HNM9	VNG2028H
Q9HNM8	VNG2029H
NADE_HALN1	VNG2031G
Q9HNM6	VNG2032G
Q9HNM5	VNG2034H
Q9HNM4	VNG2035H
Q9HNM3	VNG2036G
Q9HNM2	VNG2037C
Q9HNM1	VNG2039H
Q9HNM0	VNG2041H
Q9HNL9	VNG2042H
Q9HNL8	VNG2043G
Q9HNL7	VNG2044H
Q9HNL6	VNG2045G
R27A_HALN1	VNG2047G
RS24_HALN1	VNG2048G
Q9HNL3	VNG2049C
Q9HNL2	VNG2051G
Q9HNL1	VNG2053G
Q9HNL0	VNG2054H
IF2G_HALN1	VNG2056G
Q9HNK8	VNG2059H
Q9HNK7	VNG2060G
Q9HNK6	VNG2062G
Q9HNK4	VNG2063G
Q9HNK5	VNG2064H
Q9HNK3	VNG2065G
Q9HNK2	VNG2067H
Q9HNK1	VNG2068C
Q9HNK0	VNG2071G
SYS_HALN1	VNG2072G
Q9HNJ9	VNG2073C
Q9HNJ7	VNG2074H
YK75_HALN1	VNG2075C
RL40_HALN1	VNG2076G
Q9HNJ3	VNG2078G
Q9HNJ4	VNG2079G
Q9HNJ2	VNG2080C
Q9HNJ1	VNG2081H
Q9HNJ0	VNG2082G
Q9HNI9	VNG2084G
Q9HNI8	VNG2085G
Q9HNI7	VNG2086G
HIS5_HALN1	VNG2087G
TRM1_HALN1	VNG2088G
Q9HNI4	VNG2089H
Q9HNI3	VNG2091H
GLNA_HALN1	VNG2093G
Q9HNI1	VNG2094G
THSB_HALN1	VNG2096G
Q9HNH9	VNG2097C
Q9HNH8	VNG2098H
Q9HNH7	VNG2099C
Q9HNH6	VNG2100G
Q9HNH5	VNG2101H
Q9HNH4	VNG2102G
Q9HNH3	VNG2104G
Q9HNH2	VNG2105H
Q9HNH1	VNG2106G
Q9HNH0	VNG2108G
Q9HNG9	VNG2109H
Q9HNG8	VNG2110C
YL12_HALN1	VNG2112C
Q9HNG6	VNG2113C
Q9HNG5	VNG2115H
Q9HNG4	VNG2116C
Q9HNG3	VNG2117C
PYRE_HALN1	VNG2118G
YL19_HALN1	VNG2119C
Q9HNG0	VNG2120G
Q9HNF9	VNG2121C
Q9HNF8	VNG2122G
Q9HNF7	VNG2123G
Q9HNF6	VNG2124C
Q9HNF5	VNG2125G
Q9HNF4	VNG2126C
Q9HNF3	VNG2128C
Q9HNF2	VNG2129H
Q9HNF1	VNG2130G
RF1_HALN1	VNG2131G
Q9HNE9	VNG2132G
Q9HNE8	VNG2133H
VATD_HALN1	VNG2135G
Q9HNE6	VNG2136G
Q9HNE5	VNG2137G
VATB_HALN1	VNG2138G
VATA_HALN1	VNG2139G
VATF_HALN1	VNG2140G
VATC_HALN1	VNG2141G
VATE_HALN1	VNG2142G
Q9HND9	VNG2143G
VATI_HALN1	VNG2144G
Q9HND7	VNG2146H
Q9HND6	VNG2147G
Q9HND5	VNG2148H
Q9HND4	VNG2149H
Q9HND3	VNG2150G
Q9HND2	VNG2151G
Q9HND1	VNG2152C
Q9HND0	VNG2153G
Q9HNC9	VNG2154C
Q9HNC8	VNG2155C
Q9HNC7	VNG2156C
Q9HNC6	VNG2157C
Q9HNC5	VNG2158G
Q9HNC4	VNG2159G
Q9HNC3	VNG2160C
Q9HNC2	VNG2162C
Q9HNC1	VNG2163H
Q9HNC0	VNG2164C
Q9HNB9	VNG2165H
Q9HNB8	VNG2166C
Q9HNB7	VNG2167G
Q9HNB6	VNG2168C
Q9HNB4	VNG2170H
Q9HNB5	VNG2171G
Q9HNB3	VNG2172C
Q9HNB2	VNG2173G
Q9HNB1	VNG2174H
O54648	VNG2175H
Q9HNB0	VNG2176H
Q9HNA9	VNG2177H
Q9HNA8	VNG2178H
Q9HNA7	VNG2179H
Q9HNA6	VNG2180C
Q9HNA5	VNG2181G
Q9HNA4	VNG2182H
Q9HNA3	VNG2183H
TFB1_HALN1	VNG2184G
Q9HNA1	VNG2185H
Q9HNA0	VNG2186G
Q9HN99	VNG2187H
Q9HN98	VNG2189H
Q9HN97	VNG2190G
Q9HN96	VNG2191H
Q9HN95	VNG2193G
Q9HN94	VNG2195G
Q9HN93	VNG2196G
Q9HN92	VNG2197H
Q9HN91	VNG2199H
Q9HN90	VNG2201G
Q9HN89	VNG2202H
KPRS_HALN1	VNG2203G
Q9HN87	VNG2204H
Q9HN86	VNG2205H
Q9HN85	VNG2206G
Q9HN84	VNG2207H
SYW1_HALN1	VNG2208G
Q9HN82	VNG2210G
Q9HN81	VNG2211H
Q9HN80	VNG2213G
Q9HN79	VNG2214G
LIPA_HALN1	VNG2216G
Q9HN77	VNG2217G
Q9HN76	VNG2218G
Q9HN75	VNG2219G
Q9HN74	VNG2220G
Q9HN73	VNG2222G
SYL_HALN1	VNG2223G
Q9HN71	VNG2224G
THSA_HALN1	VNG2226G
Q9HN69	VNG2227C
Q9HN68	VNG2230H
Q9HN67	VNG2231C
SYW2_HALN1	VNG2232G
Q9HN65	VNG2233C
IFA1_HALN1	VNG2234G
Q9HN63	VNG2236H
Q9HN62	VNG2237G
Q9HN61	VNG2238C
RNZ_HALN1	VNG2239C
Q9HN59	VNG2240G
Q9HN58	VNG2241H
Q9HN57	VNG2242C
TBPE_HALN1	VNG2243G
Q9HN55	VNG2244H
Q9HN54	VNG2246H
HIS1_HALN1	VNG2247G
Q9HN52	VNG2248H
Q9HN51	VNG2249G
SAHH_HALN1	VNG2251G
Q9HN49	VNG2252G
Q9HN48	VNG2253H
PRIL_HALN1	VNG2254C
PSD_HALN1	VNG2255C
PCNA_HALN1	VNG2256G
Q9HN44	VNG2257G
Q9HN43	VNG2259C
Q9HN42	VNG2260H
Q9HN41	VNG2262H
Q9HN40	VNG2263G
Q9HN39	VNG2264C
Q9HN37	VNG2267G
Q9HN38	VNG2268H
Q9HN36	VNG2269G
Q9HN35	VNG2270G
CD64_HALN1	VNG2271G
RPIA_HALN1	VNG2272G
Q9HN32	VNG2273H
YM74_HALN1	VNG2274C
Q9HN30	VNG2276G
Q9HN29	VNG2277H
Q9HN28	VNG2279H
RFCS_HALN1	VNG2280G
Q9HN26	VNG2281C
Q9HN25	VNG2282C
SYA_HALN1	VNG2283G
HIS3_HALN1	VNG2284G
Q9HN22	VNG2285C
MAMA_HALN1	VNG2286G
Q9HN20	VNG2288G
Q9HN19	VNG2289G
Q9HN18	VNG2290G
Q9HN17	VNG2291G
Q9HN16	VNG2292H
FER_HALN1	VNG2293G
HIS4_HALN1	VNG2294G
HIS7_HALN1	VNG2295G
Q9HN11	VNG2296C
Q9HN12	VNG2297H
Q9HN10	VNG2298H
Q9HN09	VNG2299H
Q9HN08	VNG2301G
Q9HN07	VNG2302G
Q9HN06	VNG2304H
UPP_HALN1	VNG2305C
Q9HN04	VNG2306H
Q9HN03	VNG2307C
Q9HN02	VNG2308G
Q9HN01	VNG2310H
Q9HN00	VNG2311H
Q9HMZ9	VNG2312C
Q9HMZ8	VNG2313H
Q9HMZ7	VNG2314H
Q9HMZ6	VNG2315H
Q9HMZ5	VNG2316C
Q9HMZ4	VNG2317G
Q9HMZ3	VNG2320G
Q9HMZ2	VNG2321G
Q9HMZ1	VNG2322G
Q9HMZ0	VNG2323H
Q9HMY9	VNG2324H
GSA_HALN1	VNG2326G
Q9HMY7	VNG2328H
Q9HMY6	VNG2329C
HEM3_HALN1	VNG2330G
Q9HMY4	VNG2331G
Q9HMY3	VNG2332G
Q9HMY2	VNG2333C
Q9HMY1	VNG2334C
Q9HMY0	VNG2335H
Q9HMX9	VNG2337C
DP2L_HALN1	VNG2338G
Q9HMX7	VNG2339C
Q9HMX6	VNG2340H
Q9HMX5	VNG2341H
Q9HMX4	VNG2342H
Q9HMX3	VNG2343G
Q9HMX2	VNG2344G
Q9HMX1	VNG2346G
Q9HMX0	VNG2347G
Q9HMW9	VNG2349G
Q9HMW8	VNG2351C
Q9HMW7	VNG2352G
Q9HMW6	VNG2353H
Q9HMW5	VNG2356G
Q9HMW4	VNG2358G
Q9HMW3	VNG2359G
Q9HMW2	VNG2361G
Q9HMW1	VNG2363G
Q9HMW0	VNG2365G
YN66_HALN1	VNG2366C
MDH_HALN1	VNG2367G
HELS_HALN1	VNG2368G
Q9HMV5	VNG2369C
Q9HMV7	VNG2370C
PURO_HALN1	VNG2371C
Q9HMV3	VNG2372G
TNAA_HALN1	VNG2373G
Q9HMV1	VNG2374G
Q9HMV0	VNG2376H
Q9HMU9	VNG2377G
Q9HMU8	VNG2378G
Q9HMU7	VNG2379H
Q9HMU6	VNG2380H
Q9HMU5	VNG2381G
Q9HMU4	VNG2383G
Q9HMU3	VNG2384G
Q9HMU2	VNG2385H
Q9HMU1	VNG2386C
Q9HMU0	VNG2387H
UVRB_HALN1	VNG2390G
Q9HMT8	VNG2392H
Q9HMT7	VNG2393G
Q9HMT6	VNG2394G
Q9HMT5	VNG2395C
Q9HMT4	VNG2396G
Q9HMT3	VNG2397G
Q9HMT2	VNG2398G
Q9HMT1	VNG2399H
Q9HMT0	VNG2400H
Q9HMS8	VNG2402H
Q9HMS9	VNG2403H
Q9HMS7	VNG2404G
Q9HMS6	VNG2406C
Q9HMS5	VNG2408C
Q9HMS4	VNG2410G
CD63_HALN1	VNG2411G
Q9HMS2	VNG2412H
Q9HMS1	VNG2413H
Q9HMS0	VNG2414H
Q9HMR9	VNG2415H
Q9HMR8	VNG2416G
DP2S_HALN1	VNG2417G
Q9HMR6	VNG2418G
Q9HMR5	VNG2419C
METX_HALN1	VNG2420G
Q9HMR3	VNG2421G
Q9HMR2	VNG2422G
Q9HMR1	VNG2423G
Q9HMR0	VNG2424G
Q9HMQ9	VNG2426G
Q9HMQ8	VNG2429G
Q9HMQ7	VNG2430G
Q9HMQ6	VNG2431C
YO32_HALN1	VNG2432C
Q9HMQ4	VNG2433H
ARLY_HALN1	VNG2436G
ASSY_HALN1	VNG2437G
Q9HMQ1	VNG2439H
Q9HMQ0	VNG2440H
Q9HMP9	VNG2441G
Q9HMP8	VNG2442H
DPSA_HALN1	VNG2443G
Q9HMP6	VNG2444C
Q9HMP5	VNG2445C
Q9HMP4	VNG2446H
Q9HMP3	VNG2447G
Q9HMP2	VNG2449G
Q9HMP1	VNG2451H
YO52_HALN1	VNG2452C
Q9HMN9	VNG2454C
Q9HMN8	VNG2455C
Q9HMN7	VNG2456C
Q9HMN6	VNG2458C
SR54_HALN1	VNG2459G
Q9HMN4	VNG2461H
Q9HMN3	VNG2462G
PFDA_HALN1	VNG2465C
Q9HMN1	VNG2466C
RL31_HALN1	VNG2467G
Q9HMM8	VNG2468C
RL39_HALN1	VNG2469G
Q9HMM7	VNG2470C
CSD_HALN1	VNG2471G
Q9HMM5	VNG2472G
RADA_HALN1	VNG2473G
Q9HMM3	VNG2474C
Q9HMM2	VNG2475C
Q9HMM1	VNG2476C
Q9HMM0	VNG2477H
Q9HML9	VNG2480H
PSB2_HALN1	VNG2482G
Q9HML7	VNG2483G
Q9HML6	VNG2484G
Q9HML5	VNG2486G
Q9HML4	VNG2488C
Q9HML3	VNG2490H
Q9HML2	VNG2493C
Q9HML1	VNG2495H
Q9HML0	VNG2496G
Q9HMK9	VNG2497H
Q9HMK8	VNG2498H
Q9HMK7	VNG2499G
Q9HMK6	VNG2501C
Q9HMK5	VNG2502C
SYFA_HALN1	VNG2504G
SYFB_HALN1	VNG2505G
Q9HMK2	VNG2507G
Q9HMK1	VNG2508C
Q9HMK0	VNG2509H
Q9HMJ9	VNG2510H
Q9HMJ8	VNG2511H
Q9HMJ7	VNG2512G
Q9HMJ6	VNG2513G
RS6E_HALN1	VNG2514G
Q9HMJ4	VNG2515H
Q9HMJ3	VNG2516C
Q9HMJ2	VNG2518C
Q9HMJ1	VNG2519H
Q9HMJ0	VNG2520C
Q9HMI9	VNG2521H
Q9HMI8	VNG2522C
Q9HMI7	VNG2523H
Q9HMI6	VNG2524H
Q9HMI5	VNG2525H
Q9HMI4	VNG2526G
Q9HMI3	VNG2527G
Q9HMI2	VNG2529G
Q9HMI1	VNG2531G
Q9HMI0	VNG2532H
PYRC_HALN1	VNG2533G
Q9HMH7	VNG2534C
Q9HMH6	VNG2535H
Q9HMH8	VNG2536C
Q9HMH5	VNG2537G
Q9HMH4	VNG2539H
Q9HMH3	VNG2541C
YP43_HALN1	VNG2543C
Q9HMH1	VNG2544H
Q9HMH0	VNG2546G
Q9HMG9	VNG2547G
Q9HMG8	VNG2549C
Q9HMG7	VNG2551G
Q9HMG6	VNG2552G
Q9HMG5	VNG2553G
Q9HMG4	VNG2554H
Q9HMG3	VNG2555C
Q9HMG2	VNG2556H
Q9HMG1	VNG2558G
Q9HMG0	VNG2560G
Q9HMF9	VNG2562H
Q9HMF8	VNG2563H
Q9HMF7	VNG2565G
Q9HMF6	VNG2566H
Q9HMF5	VNG2567C
Q9HMF4	VNG2569H
DUT_HALN1	VNG2570G
Q9HMF2	VNG2573G
Q9HMF1	VNG2574G
Q9HMF0	VNG2575G
Q9HME9	VNG2576H
Q9HME8	VNG2577C
Q9HME7	VNG2579G
Q9HME6	VNG2580C
Q9HME5	VNG2581H
Q9HME4	VNG2582H
SUI1_HALN1	VNG2584C
Q9HME2	VNG2585H
Q9HME1	VNG2586C
ENGB_HALN1	VNG2587C
Q9HMD9	VNG2589C
Q9HMD8	VNG2591C
Q9HMD7	VNG2593H
Q9HMD5	VNG2594C
Q9HMD6	VNG2595G
HIS2_HALN1	VNG2596G
Q9HMD3	VNG2597C
Q9HMD2	VNG2598G
SECG_HALN1	VNG2599H
Q9HMD0	VNG2600G
Q9HMC9	VNG2602G
Q9HMC8	VNG2603H
THI4_HALN1	VNG2604G
Q9HMC6	VNG2606G
Q9HMC5	VNG2607C
Q9HMC4	VNG2608C
Q9HMC3	VNG2610C
Q9HMC2	VNG2611G
Q9HMC1	VNG2612G
Q9HMC0	VNG2613H
Q9HMB9	VNG2614H
Q9HMB8	VNG2615C
Q9HMB7	VNG2616G
Q9HMB6	VNG2617G
Q9HMB5	VNG2619H
Q9HMB4	VNG2620G
Q9HMB3	VNG2622H
Q9HMB2	VNG2624G
Q9HMB1	VNG2625C
Q9HMB0	VNG2626H
Q9HMA9	VNG2627C
Q9HMA8	VNG2628H
Q9HMA7	VNG2629G
Q9HMA6	VNG2631H
Q9HMA5	VNG2632G
Q9HMA4	VNG2633H
Q9HMA3	VNG2634H
Q9HMA2	VNG2636G
Q9HMA1	VNG2637H
Q9HMA0	VNG2638G
Q9HM99	VNG2639G
Q9HM98	VNG2640G
Q9HM97	VNG2641H
Q9HM96	VNG2642H
Q9HM95	VNG2643H
Q9HM94	VNG2644C
Q9HM92	VNG2645H
Q9HM93	VNG2646C
Q9HM91	VNG2647G
RS10_HALN1	VNG2648G
EF1A_HALN1	VNG2649G
Q9HM88	VNG2650G
Q9HM87	VNG2652H
Q9HM86	VNG2653C
Q9HM85	VNG2654G
Q9HM84	VNG2656H
RS7_HALN1	VNG2657G
RS12_HALN1	VNG2658G
NUSA_HALN1	VNG2661G
RPA2_HALN1	VNG2662G
RPA1_HALN1	VNG2664G
RPB1_HALN1	VNG2665G
RPB2_HALN1	VNG2666G
RPOH_HALN1	VNG2668G
Q9HM75	VNG2669G
Q9HM74	VNG2673H
Q9HM73	VNG2674H
Q9HM72	VNG2675C
Q9HM71	VNG2677H
Q9HM70	VNG2678H
CSG_HALN1	VNG2679G
O51955	VNG5001H
O51956	VNG5003H
O51957	VNG5005H
O51958	VNG5006
O51959	VNG5007H
O51960	VNG5008H
O51961	VNG5009H
O51962	VNG5010G
O51963	VNG5011H
O51964	VNG5012H
O51965	VNG5013G
O51966	VNG5016H
O51967	VNG5017H
O59633	VNG5018
GVM1_HALN1	VNG5019G
GVL1_HALN1	VNG5020G
GVK1_HALN1	VNG5021G
GVJ1_HALN1	VNG5022G
GVI1_HALN1	VNG5023G
GVH1_HALN1	VNG5025G
GVG1_HALN1	VNG5026G
GVF1_HALN1	VNG5027G
GVE1_HALN1	VNG5028G
GVD1_HALN1	VNG5029G
GVA1_HALN1	VNG5030G
GVC1_HALN1	VNG5032G
GVN1_HALN1	VNG5033G
GVO1_HALN1	VNG5034G
O51969	VNG5035G
O51970	VNG5037G
Q9HI14	VNG5039G
O51972	VNG5040H
O54583	VNG5041H
Q48291	VNG5042H
O54644	VNG5044H
TH11_HALN1	VNG5045H
O54600	VNG5046
TBPB_HALN1	VNG5052G
O54610	VNG5055G
O54596	VNG5057G
O54564	VNG5059C
O54647	VNG5062C
O54633	VNG5063.1
O54559	VNG5063H
O54601	VNG5064H
O54523	VNG5066G
O54637	VNG5068G
O54661	VNG5069C
O54549	VNG5070
O54630	VNG5071C
O54662	VNG5074C
O54663	VNG5075C
O46709	VNG5076G
O54535	VNG5077G
O54605	VNG5079.1
O54590	VNG5079H
O54563	VNG5080H
O54648	VNG5082H
IDI2_HALN1	VNG5084G
O54646	VNG5085H
O54613	VNG5086H
O54664	VNG5087H
O54533	VNG5088H
O54573	VNG5089G
O54654	VNG5090C
O54575	VNG5091C
O54602	VNG5092
O54562	VNG5093C
O51974	VNG5094G
O51975	VNG5095
O51976	VNG5098C
O51977	VNG5100C
O51978	VNG5102H
O51979	VNG5104H
O51980	VNG5105H
O51981	VNG5106H
O51982	VNG5108H
O51983	VNG5113
O51984	VNG5115H
O51985	VNG5116H
O51986	VNG5118H
O51987	VNG5119H
O51988	VNG5121
O51989	VNG5122H
O51990	VNG5124H
O51991	VNG5126G
O51992	VNG5128
O51993	VNG5129H
O51994	VNG5131H
O51995	VNG5132H
O51996	VNG5133C
O51997	VNG5134G
O51998	VNG5135H
O51999	VNG5136G
O52000	VNG5138C
O52001	VNG5139C
O52002	VNG5140
O52003	VNG5141G
TBPC_HALN1	VNG5142G
O52005	VNG5143C
O52006	VNG5144H
O52007	VNG5145H
O52008	VNG5146H
O52009	VNG5147G
O52010	VNG5148H
O52011	VNG5149H
O52012	VNG5152H
O52013	VNG5153H
O52014	VNG5154H
O52015	VNG5155
O52016	VNG5156H
O52017	VNG5161
TBPD_HALN1	VNG5163G
O52019	VNG5164C
O52020	VNG5165H
O52021	VNG5166H
O52022	VNG5169H
O52023	VNG5170H
O52024	VNG5174H
O52026	VNG5176C
O52025	VNG5177C
ARSA_HALN1	VNG5180G
O52028	VNG5181G
O52029	VNG5182G
O52030	VNG5183G
O52031	VNG5185H
O52032	VNG5186H
O52033	VNG5188
O52034	VNG5189H
O52035	VNG5191H
O52036	VNG5192H
O52037	VNG5193
O52038	VNG5194C
O46708	VNG5195H
O52039	VNG5197H
O52040	VNG5199H
Q9UWF7	VNG5200H
O52041	VNG5203C
O54562	VNG5204C
O54602	VNG5205
O54575	VNG5206C
O54654	VNG5207C
O54573	VNG5208G
O54533	VNG5209H
O54664	VNG5210H
O54613	VNG5211H
O54646	VNG5212H
IDI2_HALN1	VNG5213G
O54648	VNG5215H
O54605	VNG5217.1
O54563	VNG5217H
O54590	VNG5218H
O54535	VNG5220G
O46709	VNG5221G
O54663	VNG5222C
O54662	VNG5223C
O54630	VNG5225C
O54549	VNG5226
O54661	VNG5228C
O54637	VNG5229G
O54523	VNG5231G
O54633	VNG5232
O54601	VNG5233H
O54559	VNG5234H
O54647	VNG5235C
O54564	VNG5238C
O54596	VNG5240G
O54610	VNG5242G
TBPB_HALN1	VNG5245G
O54600	VNG5251
TH11_HALN1	VNG5252H
O54644	VNG5253H
Q48291	VNG5255H
O54583	VNG5256H
O51955	VNG6001H
O51956	VNG6003H
Q9HI30	VNG6005H
O51959	VNG6007H
O51960	VNG6008H
O51961	VNG6009H
O51962	VNG6010G
O51963	VNG6011H
Q9HI29	VNG6012H
O51965	VNG6013G
Q9HI32	VNG6015H
O51966	VNG6016H
O51967	VNG6017H
GVM1_HALN1	VNG6019G
GVL1_HALN1	VNG6020G
GVK1_HALN1	VNG6021G
GVJ1_HALN1	VNG6022G
GVI1_HALN1	VNG6023G
GVH1_HALN1	VNG6024G
GVG1_HALN1	VNG6025G
GVF1_HALN1	VNG6026G
GVE1_HALN1	VNG6027G
GVD1_HALN1	VNG6028G
GVA1_HALN1	VNG6029G
GVC1_HALN1	VNG6031G
GVN1_HALN1	VNG6032G
GVO1_HALN1	VNG6033G
O51969	VNG6034G
O51970	VNG6035G
Q9HI15	VNG6036H
O51971	VNG6037G
Q9HI14	VNG6037G
O51972	VNG6038H
O54583	VNG6039H
Q48291	VNG6040H
O54644	VNG6042H
TH11_HALN1	VNG6043H
Q9HHE0	VNG6045H
Q9HHD6	VNG6046H
Q9HHD8	VNG6047H
Q9HHE2	VNG6048H
TBPB_HALN1	VNG6050G
Q9HHD7	VNG6051H
Q9HHD9	VNG6052H
O54610	VNG6053G
O54596	VNG6055G
O54564	VNG6057C
YU61_HALN1	VNG6059C
O54647	VNG6060C
O54559	VNG6061H
O54601	VNG6062H
O54523	VNG6064G
O54637	VNG6065G
O54661	VNG6066C
O54630	VNG6068C
Q9HHE5	VNG6070H
O54662	VNG6071C
O54663	VNG6072C
O46709	VNG6073G
O54535	VNG6074G
Q9HHD5	VNG6075G
O54590	VNG6076H
Q9HHE6	VNG6077H
Q9HHE1	VNG6078H
Q9HHE3	VNG6080H
IDI2_HALN1	VNG6081G
O54646	VNG6082H
O54613	VNG6083H
O54664	VNG6084H
O54533	VNG6085H
O54573	VNG6086G
O54654	VNG6087C
O54575	VNG6088C
O54562	VNG6090C
O51974	VNG6091G
Q9HI13	VNG6094H
O51976	VNG6095C
O51977	VNG6097C
O51978	VNG6099H
O51979	VNG6101H
O51980	VNG6102H
O51981	VNG6103H
O51982	VNG6105H
Q9HI34	VNG6106H
Q9HI12	VNG6109H
Q9HI32	VNG6111H
O51984	VNG6112H
O51985	VNG6113H
O51986	VNG6115H
O51987	VNG6116H
Q9HI11	VNG6117H
O51989	VNG6119H
Q9HI10	VNG6120H
O51990	VNG6121H
O51991	VNG6123G
O51993	VNG6125H
Q9HI09	VNG6126H
O51994	VNG6127H
O51995	VNG6128H
O51996	VNG6129C
O51997	VNG6130G
O51998	VNG6131H
O51999	VNG6132G
Q9HI08	VNG6133H
Q9HI07	VNG6134H
Q9HI06	VNG6135C
O52001	VNG6136H
O52003	VNG6139G
TBPC_HALN1	VNG6140G
Q9HI31	VNG6141H
Q9HI05	VNG6142C
Q9HI04	VNG6143H
Q9HI03	VNG6144G
Q9HI02	VNG6145H
Q9HI31	VNG6146H
O54648	VNG6147H
Q9HI01	VNG6148H
Q9HI00	VNG6149H
Q9HHZ9	VNG6150G
Q9HHZ8	VNG6152H
Q9HHZ7	VNG6153G
Q9HHZ6	VNG6155H
Q9HHZ5	VNG6156H
Q9HHZ4	VNG6157H
Q9HHZ3	VNG6158H
Q9HHZ2	VNG6159H
Q9HHZ1	VNG6160H
Q9HI34	VNG6161H
Q9HHZ0	VNG6162H
Q9HHY9	VNG6163H
Q9HHY8	VNG6164G
Q9HHY7	VNG6165H
Q9HHY6	VNG6166H
Q9HHY5	VNG6168H
Q9HHY4	VNG6170H
Q9HHY3	VNG6171H
Q9HHY2	VNG6173C
Q9HHY1	VNG6175G
ATKA_HALN1	VNG6176G
ATKB_HALN1	VNG6177G
ATKC_HALN1	VNG6178G
Q9HHY0	VNG6179G
Q9HHX9	VNG6180H
Q9HHX8	VNG6181H
Q9HHX7	VNG6182H
Q9HHX6	VNG6183C
Q9HHX5	VNG6184G
Q9HHX4	VNG6185H
Q9HHX3	VNG6186H
Q9HHX2	VNG6187G
Q9HHX1	VNG6188H
Q9HHX0	VNG6189H
Q9HHW9	VNG6191H
Q9HHW8	VNG6193H
Q9HHW7	VNG6194H
Q9HHW6	VNG6195H
Q9HHW5	VNG6196G
Q9HHW4	VNG6197H
Q9HHW3	VNG6198H
Q9HHW2	VNG6199G
Q9HHW1	VNG6201G
Q9HHW0	VNG6203H
Q9HHV9	VNG6204H
Q9HHV8	VNG6205C
Q9HHV7	VNG6206H
Q9HHV6	VNG6208C
Q9HHV5	VNG6209H
Q9HHV4	VNG6210G
Q9HHV3	VNG6211G
Q9HHV2	VNG6212G
Q9HHV1	VNG6213G
Q9HHV0	VNG6214G
Q9HHU9	VNG6216G
Q9HHU8	VNG6218G
Q9HHU7	VNG6220G
Q9HHU6	VNG6221H
Q9HHU5	VNG6222H
Q9HHU4	VNG6223C
Q9HHU3	VNG6224H
Q9HHU2	VNG6225C
Q9HHU1	VNG6226H
GVL2_HALN1	VNG6229G
GVK2_HALN1	VNG6230G
GVJ2_HALN1	VNG6232G
GVI2_HALN1	VNG6233G
GVH2_HALN1	VNG6235G
GVG2_HALN1	VNG6236G
GVF2_HALN1	VNG6237G
GVE2_HALN1	VNG6239G
GVD2_HALN1	VNG6240G
GVA2_HALN1	VNG6241G
GVC2_HALN1	VNG6242G
GVN2_HALN1	VNG6244G
GVO2_HALN1	VNG6246G
Q9HHS7	VNG6247G
Q9HHS6	VNG6250G
Q9HHS5	VNG6251H
Q9HHS4	VNG6254C
Q9HHS3	VNG6255C
Q9HHS2	VNG6256G
Q9HHS1	VNG6258C
Q9HHS0	VNG6260G
Q9HHR9	VNG6261G
Q9HHR8	VNG6262G
Q9HHR7	VNG6264G
Q9HHR6	VNG6265G
Q9HHR5	VNG6266H
Q9HHR4	VNG6268C
Q9HHR3	VNG6269C
Q9HHR2	VNG6270G
CD65_HALN1	VNG6272G
Q9HHR0	VNG6275H
Q9HHQ9	VNG6276H
Q9HHQ8	VNG6277G
Q9HHQ7	VNG6279G
Q9HHQ6	VNG6280G
Q9HHQ5	VNG6281G
Q9HHQ4	VNG6283H
Q9HHQ3	VNG6284H
Q9HHQ2	VNG6286H
Q9HHQ1	VNG6287H
Q9HHQ0	VNG6288C
Q9HHP9	VNG6290H
Q9HHP8	VNG6291H
Q9HHP7	VNG6292C
Q9HHP6	VNG6293C
CATA_HALN1	VNG6294G
Q9HHP4	VNG6296C
Q9HHP3	VNG6297C
Q9HHP2	VNG6298C
Q9HHP1	VNG6299G
Q9HHP0	VNG6301G
Q9HHN9	VNG6302C
Q9HHN8	VNG6303G
Q9HHN7	VNG6305C
Q9HHN6	VNG6306C
Q9HHN5	VNG6308G
PYRB_HALN1	VNG6309G
PYRI_HALN1	VNG6311G
SYR_HALN1	VNG6312G
Q9HHN1	VNG6313G
OTCC_HALN1	VNG6315G
ARCC_HALN1	VNG6316G
Q48294	VNG6317G
Q9HHM8	VNG6318G
O07117	VNG6319H
Q9HHM7	VNG6320C
Q9HHM6	VNG6321H
Q9HHM5	VNG6322H
Q9HHM4	VNG6323H
Q9HHM3	VNG6325H
Q9HHM2	VNG6326G
Q9HHM1	VNG6327H
Q9HHM0	VNG6329H
Q9HHL9	VNG6330H
O52023	VNG6331H
Q9HHL8	VNG6332H
Q9HHL7	VNG6334H
Q9HHL6	VNG6335H
Q9HHL5	VNG6337G
Q9HHL4	VNG6339H
Q9HHL3	VNG6340H
Q9HHL2	VNG6341H
Q9HHL1	VNG6343H
Q9HHL0	VNG6344H
Q9HI34	VNG6345H
Q9HHK9	VNG6346H
Q9HHK8	VNG6347H
Q9HHK7	VNG6348H
Q9HHK6	VNG6349C
TFB3_HALN1	VNG6351G
Q9HHK4	VNG6353H
Q9HHK3	VNG6354G
Q9HHK2	VNG6355H
Q9HHK1	VNG6357H
Q9HHK0	VNG6359H
Q9HHJ9	VNG6361G
Q9HHJ8	VNG6362G
CD66_HALN1	VNG6363G
Q9HHJ6	VNG6364H
Q9HHJ5	VNG6365H
Q9HHJ4	VNG6366H
Q9HHJ3	VNG6367H
Q9HHJ2	VNG6368H
Q9HHJ1	VNG6370H
Q9HHJ0	VNG6371G
Q9HHI9	VNG6372H
Q9HHI8	VNG6373G
Q9HHI7	VNG6375H
Q9HHI6	VNG6377H
Q9HHI5	VNG6378H
Q9HHI4	VNG6379C
Q9HHI3	VNG6381H
Q9HHI2	VNG6383G
Q9HHI1	VNG6384H
Q9HHI0	VNG6385H
Q9HHH9	VNG6387H
TFB5_HALN1	VNG6389G
Q9HHH7	VNG6390H
Q9HI31	VNG6391H
Q9HHH6	VNG6393H
O51966	VNG6395H
Q9HHH5	VNG6396H
Q9HHH4	VNG6397H
Q9HHH3	VNG6400H
Q9HHH2	VNG6401H
Q9HHH1	VNG6402H
Q9HHH0	VNG6403H
Q9HHG9	VNG6404H
Q9HHG8	VNG6406H
Q9HHG7	VNG6407H
Q9HHG6	VNG6408G
Q9HHG5	VNG6409H
Q9HHG4	VNG6411H
Q9HHG3	VNG6412H
Q9HHG2	VNG6413H
Q9HHG1	VNG6416H
Q9HHG0	VNG6418H
Q9HHF9	VNG6419H
Q9HHF8	VNG6420H
TH11_HALN1	VNG6421H
Q9HHF7	VNG6424H
Q9HHF6	VNG6427H
Q9HHF5	VNG6429H
Q9HHF4	VNG6430C
Q9HHF3	VNG6431H
Q9HHF2	VNG6432H
Q9HHF1	VNG6434H
Q9HHF0	VNG6437C
TBPF_HALN1	VNG6438G
Q9HHE8	VNG6439H
Q9HHE7	VNG6441H
O54664	VNG6442H
O54613	VNG6443H
O54646	VNG6444H
IDI2_HALN1	VNG6445G
Q9HHE3	VNG6446H
O54648	VNG6447H
Q9HHE1	VNG6448H
Q9HHE6	VNG6449H
O54590	VNG6450H
Q9HHD5	VNG6451G
O54535	VNG6452G
O46709	VNG6453G
O54663	VNG6454C
O54662	VNG6455C
Q9HHE5	VNG6456H
O54630	VNG6457C
O54661	VNG6460C
O54637	VNG6461G
O54523	VNG6462G
O54601	VNG6464H
O54559	VNG6465H
O54647	VNG6466C
YU61_HALN1	VNG6467C
O54564	VNG6469C
O54596	VNG6471G
O54610	VNG6473G
Q9HHD9	VNG6474H
Q9HHD7	VNG6475H
TBPB_HALN1	VNG6476G
Q9HHE2	VNG6478H
Q9HHD8	VNG6479H
Q9HHD6	VNG6480H
Q9HHE0	VNG6481H
TH11_HALN1	VNG6483H
O54644	VNG6484H
Q48291	VNG6486H
O54583	VNG6487H
